feature,mean_importance
tumor-size,-0.0021460349404704092
node-caps,0.0
menopause,0.003663652250161942
age,0.011310075816039999
inv-nodes,0.035059753011779306
deg-malig,0.042503422515924406
