feature,mean_importance
menopause,-0.022444429341146543
age,-0.008700115906137151
tumor-size,-0.004855979183901305
inv-nodes,0.0
node-caps,0.0
deg-malig,0.08759843917147306
