feature,mean_importance
inv-nodes,0.0
node-caps,0.0
tumor-size,0.008228719927463856
menopause,0.024832541590431623
age,0.0253285418531048
deg-malig,0.0742208801821489
