feature,mean_importance
inv-nodes,-0.0029690801739085337
node-caps,0.0
menopause,0.0005472663566234548
tumor-size,0.0015343173731161563
age,0.0015412705762283708
deg-malig,0.035703479320036965
