feature,mean_importance
menopause,-0.001702504659245041
node-caps,0.0
deg-malig,0.0
tumor-size,0.010537574969914632
age,0.019360618419807275
inv-nodes,0.06879021035780372
