target,prediction
0,0.0
0,0.2222222222222222
0,0.0
1,0.30303030303030304
0,0.2222222222222222
0,0.2222222222222222
1,0.2222222222222222
1,0.4
0,0.30303030303030304
0,0.2222222222222222
0,0.30303030303030304
1,0.2222222222222222
1,0.2222222222222222
1,0.4
1,0.8666666666666667
0,0.2222222222222222
0,0.2222222222222222
0,0.2222222222222222
0,0.2222222222222222
0,0.2222222222222222
0,0.2222222222222222
0,0.2222222222222222
0,0.30303030303030304
