feature,mean_importance
menopause,-0.010946417208432868
inv-nodes,-0.002102195703922538
irradiat,-0.0018464691576109305
breast-quad,0.0014679516620797362
breast,0.0069703689685414625
tumor-size,0.024473329216816442
deg-malig,0.03286086710274607
age,0.050120691974725504
node-caps,0.07502461740052695
