feature,mean_importance
menopause,-0.00750926417062382
tumor-size,0.0011613095021299814
node-caps,0.007845616247332887
age,0.021166062371585026
inv-nodes,0.03586081373068262
deg-malig,0.07317430437348298
