feature,mean_importance
age,-0.0029734185374887256
menopause,0.0
node-caps,0.03676566730545665
deg-malig,0.1302967031733155
inv-nodes,0.14192648622699713
tumor-size,0.3250577990845241
