feature,mean_importance
menopause,-0.0011848972432796812
age,0.006016025604250785
inv-nodes,0.020184306548036247
node-caps,0.02721061081059233
deg-malig,0.030981419314250202
tumor-size,0.07205627661411887
