feature,mean_importance
menopause,-0.027831587695519345
tumor-size,-0.016836412780506294
age,-0.007907604465062158
inv-nodes,0.0025066386839212697
node-caps,0.004688875415705595
deg-malig,0.03603026695103077
