feature,mean_importance
tumor-size,-0.03701343552799017
inv-nodes,-0.028638559303058454
age,-0.004242327602880125
node-caps,0.0006961359728656635
menopause,0.0038573212355241583
deg-malig,0.0340950267245228
