feature,mean_importance
tumor-size,-0.0054367877651453345
inv-nodes,-0.002369828662566786
menopause,-0.00014092502267477603
node-caps,0.0
age,0.0002866554826886691
deg-malig,0.020213593810870754
