feature,mean_importance
inv-nodes,-0.00514963773383692
menopause,0.002441287414081539
age,0.004535483974583987
node-caps,0.013400291148455267
tumor-size,0.021548791062778894
deg-malig,0.026951237725640807
