feature,mean_importance
menopause,0.00951414098342258
tumor-size,0.019098106920719116
age,0.020364710423681442
node-caps,0.02239637447728047
inv-nodes,0.02496967994504502
deg-malig,0.04818150599797562
