feature,mean_importance
menopause,-0.04113913625478747
tumor-size,-0.015433895717496492
age,-0.00320874828359361
node-caps,0.005051944145689791
inv-nodes,0.018580907356479836
deg-malig,0.056808248842539946
