feature,mean_importance
inv-nodes,-0.0017514474524392254
menopause,0.0030254638195037487
node-caps,0.010892183979352299
tumor-size,0.011936754716767205
age,0.014318941500451831
deg-malig,0.03603127903408474
