feature,mean_importance
tumor-size,-0.017876525709162604
inv-nodes,-0.014333607839501461
node-caps,0.0007902079302331222
menopause,0.00800420052331421
age,0.008979438860779187
deg-malig,0.037559858936330515
