feature,mean_importance
menopause,-0.011374705252440054
tumor-size,-0.0006378155363642501
age,0.0176847598474959
node-caps,0.019294013018193466
inv-nodes,0.030926642145799564
deg-malig,0.06656708931145464
