feature,mean_importance
menopause,-0.037508875293576174
tumor-size,-0.012328941601773957
age,0.001596095963664701
node-caps,0.0055235316895920535
inv-nodes,0.02226131364055304
deg-malig,0.051062446832656885
