feature,mean_importance
menopause,0.009227209621005561
age,0.017113965882195336
tumor-size,0.01855279230409197
node-caps,0.019535131686263595
inv-nodes,0.022695770131217086
deg-malig,0.04566334135002561
