feature,mean_importance
tumor-size,-0.018416284672591977
inv-nodes,-0.008684630368066836
node-caps,0.0020798225441704733
age,0.004979470080655579
menopause,0.005056759455929672
deg-malig,0.026669080296288384
