feature,mean_importance
inv-nodes,-0.0026997011237674283
menopause,0.004990757703781124
node-caps,0.009118561479780407
tumor-size,0.01170883695284528
age,0.013293328483899436
deg-malig,0.03369598229726158
