feature,mean_importance
menopause,-0.012754590971314372
tumor-size,-0.0009700690922529454
age,0.018366017224996013
node-caps,0.02312950598804848
inv-nodes,0.030937855366779444
deg-malig,0.06465489867588751
