feature,mean_importance
tumor-size,-0.031934582713991036
menopause,-0.030655584722896846
age,-0.029208207578964383
deg-malig,-0.004703355470800696
inv-nodes,0.0064229037212775175
node-caps,0.053982425199654724
