feature,mean_importance
inv-nodes,-0.023465248674043558
tumor-size,-0.0138871936186441
menopause,-0.0024751123635694317
age,0.013894534711256835
node-caps,0.019896830121838294
deg-malig,0.02316284012481169
