feature,mean_importance
inv-nodes,-0.14131740746260502
tumor-size,-0.02204234731723296
age,0.007670952775283868
menopause,0.017587998129113956
deg-malig,0.1359918151651724
node-caps,0.17934379268699369
