feature,mean_importance
menopause,-0.016275814844389825
node-caps,0.003856770636243989
age,0.03750535788665592
tumor-size,0.041323037577222464
inv-nodes,0.06402412720364481
deg-malig,0.0641608291830033
