feature,mean_importance
inv-nodes,-0.0025155022050495244
menopause,0.0002220704373768756
deg-malig,0.012444965692278643
age,0.016673787652081384
node-caps,0.017908063871833434
tumor-size,0.01858292699863946
