feature,mean_importance
inv-nodes,-0.001429573893547076
menopause,0.0055805945396423026
node-caps,0.009142938190036354
age,0.013443478080961403
tumor-size,0.01344766000906623
deg-malig,0.034298644661903376
