feature,mean_importance
tumor-size,-0.02190760114918582
inv-nodes,-0.013521646222342554
node-caps,0.0017957848051320501
menopause,0.007150465250015281
age,0.007566164142411735
deg-malig,0.03189222093509594
