feature,mean_importance
menopause,0.009844375650087955
age,0.016701769034067747
tumor-size,0.018031565480762058
node-caps,0.01953105068869059
inv-nodes,0.02303182250923579
deg-malig,0.047311746742990254
