feature,mean_importance
menopause,-0.0378452687483767
tumor-size,-0.021700109962535952
age,0.0030508857706318614
node-caps,0.004188034910222749
inv-nodes,0.019725690101799764
deg-malig,0.05388191002218621
