feature,mean_importance
menopause,-0.011741072457769685
tumor-size,-0.0012584666843000192
age,0.015864711092865934
node-caps,0.02054192495086913
inv-nodes,0.030123485398033355
deg-malig,0.06457587700823073
