feature,mean_importance
menopause,0.012897613276201403
node-caps,0.015620607897108174
inv-nodes,0.021940381241318207
tumor-size,0.025995953489199364
age,0.027166952488673513
deg-malig,0.03647180067557354
