feature,mean_importance
menopause,-0.008347034295955402
tumor-size,-0.007095230301895583
age,-0.0057983906791085225
node-caps,0.008508834050717206
inv-nodes,0.02158614802892289
deg-malig,0.037228626169434745
