feature,mean_importance
age,0.002702779939244149
menopause,0.0033397937564823453
tumor-size,0.0037599360869266184
node-caps,0.023887943671038282
inv-nodes,0.02971296915478394
deg-malig,0.042049291524382235
