feature,mean_importance
tumor-size,-0.009438252843620765
menopause,-0.005374780733919349
age,0.002228967853013164
inv-nodes,0.009834652126213327
node-caps,0.010463130399580578
deg-malig,0.04257357486758926
