feature,mean_importance
menopause,-0.009931590606863416
tumor-size,-0.0014783602020907339
node-caps,0.023790335501974257
age,0.026207750949048626
inv-nodes,0.028115393703213788
deg-malig,0.06825173453470419
