feature,mean_importance
menopause,-0.01526582079089207
tumor-size,-0.0021391686537991393
age,0.014007556276476896
node-caps,0.015660287472216972
inv-nodes,0.03466176549377649
deg-malig,0.06609833172481994
