feature,mean_importance
inv-nodes,-0.0013478180434969068
menopause,0.005488235486878268
tumor-size,0.01234017789363857
node-caps,0.012873960071139834
age,0.01340750144587619
deg-malig,0.03493141008747944
