feature,mean_importance
tumor-size,-0.01914691756600919
inv-nodes,-0.011928235253562102
node-caps,0.0006743222151113448
menopause,0.005199189937632997
age,0.0067872734497422815
deg-malig,0.03222824814526928
