feature,mean_importance
menopause,0.008265105750825664
age,0.017376391987005847
tumor-size,0.019670483039485064
node-caps,0.02125545236799451
inv-nodes,0.021963625318474223
deg-malig,0.05030881017446518
