feature,mean_importance
menopause,-0.041176527900540286
tumor-size,-0.018751474534687774
age,-0.0023959761728410854
node-caps,0.004348522133153421
inv-nodes,0.018751650724722003
deg-malig,0.055303561363531206
