feature,mean_importance
menopause,-0.007133636178761016
tumor-size,0.0025748005926643945
node-caps,0.010869332829436428
age,0.011866318566905032
inv-nodes,0.020240022525388146
deg-malig,0.05946895082873229
