feature,mean_importance
menopause,0.010336412557526353
node-caps,0.010796305204115009
age,0.010915546179618475
inv-nodes,0.024028969746472905
tumor-size,0.03081206561995391
deg-malig,0.03992622082389141
