feature,mean_importance
tumor-size,-0.005375766838562113
node-caps,0.001251615931594663
inv-nodes,0.0027844840186693975
menopause,0.005054073759718269
age,0.0059094906715974945
deg-malig,0.03288173530552703
