feature,mean_importance
menopause,0.004513956004259079
tumor-size,0.00688096266749898
inv-nodes,0.028573810507444432
age,0.032286575225332334
deg-malig,0.05316363207086463
node-caps,0.0595314453447688
