feature,mean_importance
age,-0.008439540075327878
menopause,-0.0043737657646241825
tumor-size,0.0
inv-nodes,0.0025874597393806377
node-caps,0.003029480455978728
deg-malig,0.03866054819705143
