feature,mean_importance
age,-0.014120893400768764
menopause,0.005356988151851705
tumor-size,0.013410344277946452
inv-nodes,0.01490558244021053
node-caps,0.030711902137503033
deg-malig,0.06638841061894674
