feature,mean_importance
tumor-size,-0.001801668077178964
menopause,0.0027178689358660748
age,0.008943608220889377
inv-nodes,0.015213230385876275
node-caps,0.028072839387214964
deg-malig,0.04113035957471367
